name,gametype,longname,retired
5629,T20 Internationals,Aamer Ikram  (Portugal),False
5089,Test Cricket,Mark Adair  (Ireland),False
5508,T20 Internationals,Colin Ackemann  (Netherlands),False
5177,T20 Internationals,Fred Achelam  (Uganda),False
5494,T20 Internationals,Aahan Gopinath Achar  (Singapore),False
3965,T20 Internationals,Abul Hasan  (Bangladesh),False
3965,One Day Internationals,Abul Hasan  (Bangladesh),False
3965,Test Cricket,Abul Hasan  (Bangladesh),True
4738,T20 Internationals,Abu Jayed  (Bangladesh),False
4738,One Day Internationals,Abu Jayed  (Bangladesh),False
4738,Test Cricket,Abu Jayed  (Bangladesh),False
4515,T20 Internationals,Abu Hider  (Bangladesh),False
4515,One Day Internationals,Abu Hider  (Bangladesh),False
5419,T20 Internationals,Abrar Bilal  (Austria),False
5390,T20 Internationals,Abraash Khan  (Canada),False
5129,T20 Internationals,Rasheed Abolarin  (Nigeria),False
5138,T20 Internationals,Michael Aboagye  (Ghana),False
5137,T20 Internationals,Isaac Aboagye  (Ghana),False
5128,T20 Internationals,Abiodun Abioye  (Nigeria),False
4992,One Day Internationals,Abid Ali  (Pakistan),False
4992,Test Cricket,Abid Ali  (Pakistan),False
5538,T20 Internationals,Abhishek Ahuja  (Hungary ),False
5537,T20 Internationals,Abhijeet Ahuja  (Hungary ),False
3180,T20 Internationals,Abdur Razzak  (Bangladesh),True
3180,One Day Internationals,Abdur Razzak  (Bangladesh),True
3180,Test Cricket,Abdur Razzak  (Bangladesh),False
5096,T20 Internationals,Abdul-Shakoor Rahimzei  (Germany),False
5246,T20 Internationals,Abdullah Sheikh  (Norway),False
5921,T20 Internationals,Abdullah Shafique  (Pakistan),False
5422,T20 Internationals,Abdullah Akbarjan  (Austria),False
5722,T20 Internationals,Mohamed Abdulla  (Malawi),False
4870,T20 Internationals,Abdul Wahid  (Saudi Arabia),False
5807,T20 Internationals,Abdul Waheed  (Saudi Arabia),False
4450,T20 Internationals,Abdul Shakoor  (United Arab Emirates),False
4450,One Day Internationals,Abdul Shakoor  (United Arab Emirates),False
5449,T20 Internationals,Abdul Shakoor  (Romania),False
5105,T20 Internationals,Abdul Rashid  (Belgium),False
5814,T20 Internationals,Abdul Majid  (Bahrain),False
5241,T20 Internationals,Abdul Hashmi  (Denmark),False
4002,T20 Internationals,Kyle Abbott  (South Africa),True
4002,One Day Internationals,Kyle Abbott  (South Africa),True
4002,Test Cricket,Kyle Abbott  (South Africa),True
5173,T20 Internationals,Zain Abbasi  (Botswana),False
4868,T20 Internationals,Abbas Saad  (Saudi Arabia),False
5507,T20 Internationals,Aarush Bhagwat  (Hong Kong),False
4808,T20 Internationals,Aarif Sheikh  (Nepal),False
4808,One Day Internationals,Aarif Sheikh  (Nepal),False
4465,T20 Internationals,Aamir Kaleem  (Oman),False
4465,One Day Internationals,Aamir Kaleem  (Oman),False
4480,T20 Internationals,Aamer Yamin  (Pakistan),False
4480,One Day Internationals,Aamer Yamin  (Pakistan),False
4809,One Day Internationals,Dipendra Singh Airee  (Nepal),False
5492,T20 Internationals,Ainool Haqqiem  (Malaysia),False
5498,T20 Internationals,Ainool Hafizs  (Malaysia),False
5035,T20 Internationals,Kaushal Kumar  (Mexico),False
3869,T20 Internationals,Ahsan Malik  (Netherlands),True
3869,One Day Internationals,Ahsan Malik  (Netherlands),True
5770,T20 Internationals,Ahsan Ali  (Pakistan),False
5504,T20 Internationals,Ahsan Abbasi  (Hong Kong),False
5097,T20 Internationals,Ahmed Wardak  (Germany),False
3675,T20 Internationals,Ahmed Shehzad  (Pakistan),False
3675,One Day Internationals,Ahmed Shehzad  (Pakistan),False
3675,Test Cricket,Ahmed Shehzad  (Pakistan),True
4258,T20 Internationals,Ahmed Raza  (United Arab Emirates),False
4258,One Day Internationals,Ahmed Raza  (United Arab Emirates),False
5824,T20 Internationals,Ahmed Raid  (Maldives),False
4880,T20 Internationals,Ahmed Hassan  (Maldives),False
5271,T20 Internationals,Ahmed Faiz  (Malaysia),False
4539,T20 Internationals,Khaleel Ahmed  (India),False
4539,One Day Internationals,Khaleel Ahmed  (India),False
5683,T20 Internationals,Agagyul Ahmadhel  (Bulgaria),False
5240,T20 Internationals,Saif Ahmad  (Denmark),False
5250,T20 Internationals,Pratik Agnihotri  (Norway),False
5010,T20 Internationals,George Agius  (Malta),False
4104,One Day Internationals,Mayank Agarwal  (India),True
4104,Test Cricket,Mayank Agarwal  (India),False
4224,T20 Internationals,Ashton Agar  (Australia),False
4224,One Day Internationals,Ashton Agar  (Australia),False
4224,Test Cricket,Ashton Agar  (Australia),True
5915,T20 Internationals,Aftab Kayani  (Romania),False
5784,T20 Internationals,Aftab Hussain  (Hong Kong),False
3762,T20 Internationals,Aftab Alam  (Afghanistan),False
3762,One Day Internationals,Aftab Alam  (Afghanistan),False
5313,T20 Internationals,Aftab Ahmed  (Denmark),False
4245,T20 Internationals,Afsar Zazai  (Afghanistan),True
4245,One Day Internationals,Afsar Zazai  (Afghanistan),True
4245,Test Cricket,Afsar Zazai  (Afghanistan),False
4734,T20 Internationals,Afif Hossain  (Bangladesh),False
4734,One Day Internationals,Afif Hossain  (Bangladesh),True
5654,T20 Internationals,Nikhil Advani  (Gibraltar),False
4640,T20 Internationals,Adnan Mufti  (United Arab Emirates),True
4640,One Day Internationals,Adnan Mufti  (United Arab Emirates),False
5290,T20 Internationals,Adnan Idrees  (Kuwait),False
4867,T20 Internationals,Adil Hanif  (Bahrain),False
5809,T20 Internationals,Adil Butt  (Saudi Arabia),False
5127,T20 Internationals,Vincent Adewoye  (Nigeria),False
5817,T20 Internationals,Adel Kolasangiani  (Iran),False
5089,T20 Internationals,Mark Adair  (Ireland),False
5089,One Day Internationals,Mark Adair  (Ireland),False
3979,One Day Internationals,Anamul Haque  (Bangladesh),False
3979,Test Cricket,Anamul Haque  (Bangladesh),True
5219,T20 Internationals,Anam Molik  (Italy),False
4860,T20 Internationals,Ammad Uddin  (Bahrain),False
5321,T20 Internationals,Amjad Sher  (Finland),False
5339,T20 Internationals,Amjad Mahboob  (Singapore),False
3554,T20 Internationals,Amjad Javed  (United Arab Emirates),True
3554,One Day Internationals,Amjad Javed  (United Arab Emirates),True
5113,T20 Internationals,Amir Mangal  (Germany),False
4727,T20 Internationals,Amir Hayat  (United Arab Emirates),False
4727,One Day Internationals,Amir Hayat  (United Arab Emirates),False
3935,T20 Internationals,Amir Hamza  (Afghanistan),True
3935,One Day Internationals,Amir Hamza  (Afghanistan),True
3935,Test Cricket,Amir Hamza  (Afghanistan),True
5478,T20 Internationals,Aminul Islam  (Bangladesh),False
5274,T20 Internationals,Aminuddin Ramly  (Malaysia),False
4346,T20 Internationals,Charles Amini  (Papua New Guinea),False
4346,One Day Internationals,Charles Amini  (Papua New Guinea),False
5386,T20 Internationals,Ameer Saiyed  (Botswana),False
4887,T20 Internationals,Ameel Mauroof  (Maldives),False
4702,One Day Internationals,Sunil Ambris  (West Indies),False
4702,Test Cricket,Sunil Ambris  (West Indies),False
5901,T20 Internationals,Amar Sharma  (Malta),False
5433,T20 Internationals,Hasan Alta  (Turkey),False
5365,T20 Internationals,Timroy Allen  (United States),False
5586,T20 Internationals,Jaimin Allen  (Brazil),False
4826,T20 Internationals,Fabian Allen  (West Indies),False
4826,One Day Internationals,Fabian Allen  (West Indies),False
5799,T20 Internationals,Alishan Sharafu  (United Arab Emirates),False
5636,T20 Internationals,Ali Naqi  (Portugal),False
5796,T20 Internationals,Ali Mohammadipour  (Iran),False
5021,One Day Internationals,Ali Khan  (United States),False
5749,T20 Internationals,Ali Ivan  (Maldives),False
5820,T20 Internationals,Ali Abbas  (Saudi Arabia),False
4271,T20 Internationals,Moeen Ali  (England),False
4271,One Day Internationals,Moeen Ali  (England),False
4271,Test Cricket,Moeen Ali  (England),False
4998,T20 Internationals,Adam Algar  (Spain),False
5760,One Day Internationals,Akshay Homraj  (United States),False
5562,T20 Internationals,Akramullah Malikzada  (Hungary ),False
5903,T20 Internationals,Noshair Nasim Akhter  (Malta),False
5779,T20 Internationals,Frank Akankwasa  (Uganda),False
5169,T20 Internationals,Chima Akachukwu  (Nigeria),False
5551,T20 Internationals,Daniel Ajekun  (Nigeria),False
4275,T20 Internationals,Aizaz Khan  (Hong Kong),False
4910,T20 Internationals,Awais Malik  (Qatar),False
5002,T20 Internationals,Awais Ahmed  (Spain),False
5589,T20 Internationals,Richard Avery  (Brazil),False
3560,T20 Internationals,James Atkinson  (Hong Kong),True
3560,One Day Internationals,James Atkinson  (Hong Kong),False
5005,T20 Internationals,Atif Mehmood  (Spain),False
5446,T20 Internationals,Atif Kamal  (Luxembourg),False
5141,T20 Internationals,Vincent Ateak  (Ghana),False
5134,T20 Internationals,Simon Ateak  (Ghana),False
5022,T20 Internationals,Simon Atai  (Papua New Guinea),False
5022,One Day Internationals,Simon Atai  (Papua New Guinea),False
3978,T20 Internationals,Todd Astle  (New Zealand),True
3978,One Day Internationals,Todd Astle  (New Zealand),False
3978,Test Cricket,Todd Astle  (New Zealand),False
5691,T20 Internationals,Asrar Ahmed  (Greece),False
5695,T20 Internationals,Alexandros Aspiotis  (Greece),False
5694,T20 Internationals,Aslam Mohammad  (Greece),False
5294,T20 Internationals,Mohammed Aslam  (Kuwait),False
5912,T20 Internationals,Asif Bevinje  (Romania),False
4747,T20 Internationals,Asif Ali  (Pakistan),False
4747,One Day Internationals,Asif Ali  (Pakistan),False
3788,T20 Internationals,Ravichandran Ashwin  (India),True
3788,One Day Internationals,Ravichandran Ashwin  (India),True
3788,Test Cricket,Ravichandran Ashwin  (India),False
5534,T20 Internationals,Arun Ashokan  (Czech Republic),False
5107,T20 Internationals,Ashiqullah Said  (Belgium),False
4721,T20 Internationals,Ashfaq Ahmed  (United Arab Emirates),False
4721,One Day Internationals,Ashfaq Ahmed  (United Arab Emirates),False
3667,T20 Internationals,Asghar Afghan  (Afghanistan),False
3667,One Day Internationals,Asghar Afghan  (Afghanistan),False
3667,Test Cricket,Asghar Afghan  (Afghanistan),False
3798,T20 Internationals,Asad Shafiq  (Pakistan),True
3798,One Day Internationals,Asad Shafiq  (Pakistan),True
3798,Test Cricket,Asad Shafiq  (Pakistan),False
5114,T20 Internationals,Asad Mohammad  (Germany),False
5917,T20 Internationals,Asad Ali Rehemtulla  (Bulgaria),False
5486,T20 Internationals,Aryaman Sunil  (Singapore),False
5627,T20 Internationals,Arslan Ahmed  (Portugal),False
5693,T20 Internationals,Arslan Ahmed  (Greece),False
5790,T20 Internationals,Arshad Mazarzei  (Iran),False
5459,T20 Internationals,Arshad Hayat  (Czech Republic),False
5470,T20 Internationals,Arsalan Arif  (Austria),False
5576,T20 Internationals,Pedro Arrighi  (Argentina),False
5080,T20 Internationals,Puneet Arora  (Mexico),False
5009,T20 Internationals,Bikram Arora  (Malta),False
5493,T20 Internationals,Aritra Dutta  (Singapore),False
5146,T20 Internationals,Zephania Arinaitwe  (Uganda),False
4735,T20 Internationals,Ariful Haque  (Bangladesh),False
4735,One Day Internationals,Ariful Haque  (Bangladesh),False
4735,Test Cricket,Ariful Haque  (Bangladesh),False
5326,T20 Internationals,Areeb Quadir  (Finland),False
4777,T20 Internationals,Jofra Archer  (England),False
4777,One Day Internationals,Jofra Archer  (England),False
4777,Test Cricket,Jofra Archer  (England),False
5756,T20 Internationals,Vriitya Aravind  (United Arab Emirates),False
5756,One Day Internationals,Vriitya Aravind  (United Arab Emirates),False
5187,T20 Internationals,Shameera Arachchige  (Italy),False
5013,T20 Internationals,Samuel Aquilina  (Malta),False
5423,T20 Internationals,Aqib Iqbal  (Austria),False
4500,T20 Internationals,Aqib Ilyas  (Oman),False
4500,One Day Internationals,Aqib Ilyas  (Oman),False
5015,T20 Internationals,Sujesh Appu  (Malta),False
4580,T20 Internationals,M Amila Aponso  (Sri Lanka),False
5088,T20 Internationals,Garret Banner  (Belize),False
5054,T20 Internationals,Andrew Banner  (Belize),False
5037,T20 Internationals,Buddhadeb Banerjee  (Mexico),False
5520,T20 Internationals,Lakmal Bandara  (Iceland),False
5518,T20 Internationals,Dushan Bandara  (Iceland),False
4564,T20 Internationals,Chaminda Bandara  (Sri Lanka),True
4564,One Day Internationals,Chaminda Bandara  (Sri Lanka),True
4521,T20 Internationals,Cameron Bancroft  (Australia),True
4521,Test Cricket,Cameron Bancroft  (Australia),False
4234,One Day Internationals,Gary Ballance  (England),True
4234,Test Cricket,Gary Ballance  (England),True
4568,T20 Internationals,Jacob Ball  (England),False
4568,One Day Internationals,Jacob Ball  (England),False
4568,Test Cricket,Jacob Ball  (England),False
5190,T20 Internationals,Baljit Singh  (Italy),False
3809,T20 Internationals,Andy Balbirnie  (Ireland),False
3809,One Day Internationals,Andy Balbirnie  (Ireland),False
3809,Test Cricket,Andy Balbirnie  (Ireland),False
5161,T20 Internationals,Vinoo Balakrishnan  (Botswana),False
5133,T20 Internationals,Rexford Bakum  (Ghana),False
5172,T20 Internationals,Godfred Bakiweyem  (Ghana),False
5906,T20 Internationals,Bakhtiar Tahiri  (Bulgaria),False
5308,T20 Internationals,James Baker  (Samoa),False
3900,T20 Internationals,Jonny Bairstow  (England),False
3900,One Day Internationals,Jonny Bairstow  (England),False
3900,Test Cricket,Jonny Bairstow  (England),False
3929,T20 Internationals,George Bailey  (Australia / ICC World XI),True
3929,One Day Internationals,George Bailey  (Australia),True
3929,Test Cricket,George Bailey  (Australia),True
5718,T20 Internationals,Moazzam Baig  (Malawi),False
5140,T20 Internationals,Kofi Bagabena  (Ghana),False
3959,T20 Internationals,Samuel Badree  (West Indies / ICC World XI),False
5772,One Day Internationals,Badal Singh  (Oman),False
5642,T20 Internationals,Marc Bacarese  (Gibraltar),False
4277,T20 Internationals,Babar Hayat  (Hong Kong),True
4277,One Day Internationals,Babar Hayat  (Hong Kong),False
4425,T20 Internationals,Babar Azam  (Pakistan),False
4425,One Day Internationals,Babar Azam  (Pakistan),False
4425,Test Cricket,Babar Azam  (Pakistan),False
4866,T20 Internationals,Babar Ali  (Bahrain),False
5023,T20 Internationals,Stephan Baard  (Namibia),False
5023,One Day Internationals,Stephan Baard  (Namibia),False
5132,T20 Internationals,Frank Baaleri  (Ghana),False
5755,T20 Internationals,Azyan Farhath  (Maldives),False
5101,T20 Internationals,Aziz Mohammad  (Belgium),False
3816,One Day Internationals,Azhar Ali  (Pakistan),False
3816,Test Cricket,Azhar Ali  (Pakistan),False
5122,T20 Internationals,Abiola Ayannaike  (Nigeria),False
4580,One Day Internationals,M Amila Aponso  (Sri Lanka),False
5669,T20 Internationals,Apon Mustafizur  (Serbia),False
5803,T20 Internationals,Aphsal Ashraf  (Kuwait),False
5279,T20 Internationals,Anwar Rahman  (Malaysia),False
5269,T20 Internationals,Anwar Arudin  (Malaysia),False
4351,T20 Internationals,Anshuman Rath  (Hong Kong),True
4351,One Day Internationals,Anshuman Rath  (Hong Kong),False
5825,T20 Internationals,Ansh Tandon  (United Arab Emirates),False
5872,T20 Internationals,Matthew Ansell  (Isle of Man),False
4418,One Day Internationals,Zafar Ansari  (England),True
4418,Test Cricket,Zafar Ansari  (England),True
5224,T20 Internationals,Ansar Iqbal  (Norway),False
5258,T20 Internationals,Anowarul Islam  (Thailand),False
5135,T20 Internationals,David Ankrah  (Ghana),False
5043,T20 Internationals,Revanakumar Ankad  (Mexico),False
5237,T20 Internationals,Anique Uddin  (Denmark),False
5574,T20 Internationals,Bruno Angeltti  (Argentina),False
5697,T20 Internationals,Alexandros Anemogiannis  (Greece),False
5139,T20 Internationals,Daniel Anefie  (Ghana),False
3065,T20 Internationals,James Anderson  (England),True
3065,One Day Internationals,James Anderson  (England),True
3065,Test Cricket,James Anderson  (England),False
4327,T20 Internationals,John Anderson  (Ireland),True
4327,One Day Internationals,John Anderson  (Ireland),True
3983,T20 Internationals,Corey Anderson  (New Zealand),False
3983,One Day Internationals,Corey Anderson  (New Zealand),True
3983,Test Cricket,Corey Anderson  (New Zealand),True
4862,T20 Internationals,Anasim Khan  (Bahrain),False
3979,T20 Internationals,Anamul Haque  (Bangladesh),True
4275,One Day Internationals,Aizaz Khan  (Hong Kong),False
4440,T20 Internationals,Pradeep Airee  (Nepal),False
3703,T20 Internationals,Darren Bravo  (West Indies),False
3703,One Day Internationals,Darren Bravo  (West Indies),False
3703,Test Cricket,Darren Bravo  (West Indies),False
3863,One Day Internationals,Kraigg Brathwaite  (West Indies),True
3863,Test Cricket,Kraigg Brathwaite  (West Indies),False
3908,T20 Internationals,Carlos Brathwaite  (West Indies),False
3908,One Day Internationals,Carlos Brathwaite  (West Indies),False
3908,Test Cricket,Carlos Brathwaite  (West Indies),True
5389,T20 Internationals,Derrick Lorenzo Brangman  (Bermuda),False
3911,T20 Internationals,Douglas Bracewell  (New Zealand),False
3911,One Day Internationals,Douglas Bracewell  (New Zealand),False
3911,Test Cricket,Douglas Bracewell  (New Zealand),True
5344,T20 Internationals,Sebastiaan Braat  (Netherlands),False
3924,T20 Internationals,Trent Boult  (New Zealand / ICC World XI),False
3924,Test Cricket,Trent Boult  (New Zealand),False
4846,T20 Internationals,Abinash Bohara  (Nepal),False
4312,Test Cricket,Jermaine Blackwood  (West Indies),False
3924,One Day Internationals,Trent Boult  (New Zealand),False
5000,T20 Internationals,Zulqarnain Haider  (Spain),False
4226,T20 Internationals,Zulfiqar Babar  (Pakistan),True
4226,One Day Internationals,Zulfiqar Babar  (Pakistan),True
4226,Test Cricket,Zulfiqar Babar  (Pakistan),True
5490,T20 Internationals,Zubaidi Zulkifle  (Malaysia),False
4730,One Day Internationals,Khayelihle Zondo  (South Africa),False
5628,T20 Internationals,Zohaib Sarwar  (Portugal),False
5238,T20 Internationals,Zishan Shah  (Denmark),False
5323,T20 Internationals,Ziaur Rehman  (Finland),False
4924,T20 Internationals,Ziaur Rahman  (Afghanistan),False
3619,T20 Internationals,Cephas Zhuwawo  (Zimbabwe),False
3619,One Day Internationals,Cephas Zhuwawo  (Zimbabwe),False
5464,T20 Internationals,Zeshan Arif  (Austria),False
4461,T20 Internationals,Zeeshan Maqsood  (Oman),False
4461,One Day Internationals,Zeeshan Maqsood  (Oman),False
5536,T20 Internationals,Zeeshan Kukikhel  (Hungary ),False
5911,T20 Internationals,Zeeshan Khan  (Malta),False
4920,T20 Internationals,Zeeshan Abbas  (Bahrain),False
5347,T20 Internationals,Zawar Farid  (United Arab Emirates),False
5347,One Day Internationals,Zawar Farid  (United Arab Emirates),False
5413,T20 Internationals,Cosmin Zavoiu  (Romania),False
5082,T20 Internationals,Sanjay Zargar  (Mexico),False
4527,T20 Internationals,Adam Zampa  (Australia),False
4527,One Day Internationals,Adam Zampa  (Australia),False
5314,T20 Internationals,Zameer Khan  (Denmark),False
2953,One Day Internationals,Zakir Hasan  (Bangladesh),True
4733,T20 Internationals,Zakir Hasan  (Bangladesh),False
5110,T20 Internationals,Zaki Ul Hassan  (Belgium),False
5065,T20 Internationals,Zain Ul Tashnam  (Costa Rica),False
4632,T20 Internationals,Zahoor Khan  (United Arab Emirates),False
4632,One Day Internationals,Zahoor Khan  (United Arab Emirates),False
4782,One Day Internationals,Zahir Khan  (Afghanistan),False
4782,Test Cricket,Zahir Khan  (Afghanistan),False
4903,T20 Internationals,Zaheer Ibrahim  (Qatar),False
5071,T20 Internationals,Yusuf Ebrahim  (Panama),False
5792,T20 Internationals,Yousef Shadzehisarjou  (Iran),False
5049,T20 Internationals,Kenton Young  (Belize),False
4328,T20 Internationals,Craig Young  (Ireland),False
4328,One Day Internationals,Craig Young  (Ireland),False
5702,T20 Internationals,Nikolay Yordanov  (Bulgaria),False
3898,T20 Internationals,Yasir Shah  (Pakistan),True
3898,One Day Internationals,Yasir Shah  (Pakistan),False
3898,Test Cricket,Yasir Shah  (Pakistan),False
4919,T20 Internationals,Yasir Idrees  (Kuwait),False
4996,T20 Internationals,Yasir Ali  (Spain),False
5582,T20 Internationals,Yasar Haroon  (Brazil),False
4507,T20 Internationals,Yamin Ahmadzai  (Afghanistan),True
4507,One Day Internationals,Yamin Ahmadzai  (Afghanistan),False
4507,Test Cricket,Yamin Ahmadzai  (Afghanistan),False
3786,T20 Internationals,Umesh Yadav  (India),False
3786,One Day Internationals,Umesh Yadav  (India),False
3786,Test Cricket,Umesh Yadav  (India),False
4390,One Day Internationals,Jayant Yadav  (India),True
4390,Test Cricket,Jayant Yadav  (India),True
5032,T20 Internationals,Pikky Ya France  (Namibia),False
5032,One Day Internationals,Pikky Ya France  (Namibia),False
5379,T20 Internationals,Conroy Wright  (Cayman Islands),False
5202,T20 Internationals,Ashley Wright  (Guernsey),False
4477,T20 Internationals,George Worker  (New Zealand),True
4477,One Day Internationals,George Worker  (New Zealand),False
4421,T20 Internationals,Mark Wood  (England),False
4421,One Day Internationals,Mark Wood  (England),False
4421,Test Cricket,Mark Wood  (England),False
3846,T20 Internationals,Chris Woakes  (England),True
3846,One Day Internationals,Chris Woakes  (England),False
3846,Test Cricket,Chris Woakes  (England),False
3473,T20 Internationals,Gary Wilson  (Ireland),False
3473,One Day Internationals,Gary Wilson  (Ireland),False
3473,Test Cricket,Gary Wilson  (Ireland),False
5375,T20 Internationals,Omar Willis  (Cayman Islands),False
3817,T20 Internationals,Kane Williamson  (New Zealand),False
3817,One Day Internationals,Kane Williamson  (New Zealand),False
3817,Test Cricket,Kane Williamson  (New Zealand),False
3270,T20 Internationals,Sean Williams  (Zimbabwe),False
3270,One Day Internationals,Sean Williams  (Zimbabwe),False
3270,Test Cricket,Sean Williams  (Zimbabwe),False
5522,T20 Internationals,Nolan Williams  (Iceland),False
4592,T20 Internationals,Kesrick Williams  (West Indies),False
4592,One Day Internationals,Kesrick Williams  (West Indies),False
5027,T20 Internationals,Craig Williams  (Namibia),False
5027,One Day Internationals,Craig Williams  (Namibia),False
4420,T20 Internationals,David Willey  (England),False
4420,One Day Internationals,David Willey  (England),False
4799,T20 Internationals,Jack Wildermuth  (Australia),False
5625,T20 Internationals,Srimantha Wijeyeratne  (Canada),False
5456,T20 Internationals,Sudan Wickramasekara  (Czech Republic),False
4703,T20 Internationals,Stuart Whittingham  (Scotland),False
4703,One Day Internationals,Stuart Whittingham  (Scotland),False
5440,T20 Internationals,Tony Whiteman  (Luxembourg),False
3325,T20 Internationals,Cameron White  (Australia),True
3325,One Day Internationals,Cameron White  (Australia),False
3325,Test Cricket,Cameron White  (Australia),True
4432,T20 Internationals,Ben Wheeler  (New Zealand),False
4432,One Day Internationals,Ben Wheeler  (New Zealand),True
4520,T20 Internationals,Brad Wheal  (Scotland),True
4520,One Day Internationals,Brad Wheal  (Scotland),False
5567,T20 Internationals,Andrew Westphal  (Mexico),False
5090,T20 Internationals,Daniel Weston  (Germany),False
5523,T20 Internationals,Prabhath Weerasooriya  (Iceland),False
5869,T20 Internationals,Oliver Webster  (Isle of Man),False
4436,T20 Internationals,Mark Watt  (Scotland),False
4436,One Day Internationals,Mark Watt  (Scotland),False
3737,T20 Internationals,B J Watling  (New Zealand),True
3737,One Day Internationals,B J Watling  (New Zealand),False
3737,Test Cricket,B J Watling  (New Zealand),False
5462,T20 Internationals,Sameera Waththage  (Czech Republic),False
4922,T20 Internationals,Wasim Ali  (Oman),False
4684,T20 Internationals,Washington Sundar  (India),False
4684,One Day Internationals,Washington Sundar  (India),False
5530,T20 Internationals,Washeem Abbas  (Malta),False
4486,Test Cricket,Jomel Warrican  (West Indies),False
3637,T20 Internationals,David Warner  (Australia),False
3637,One Day Internationals,David Warner  (Australia),False
3637,Test Cricket,David Warner  (Australia),False
5218,T20 Internationals,Benjamin Ward  (Jersey),False
5329,T20 Internationals,Waqas Raja  (Finland),False
4829,T20 Internationals,Waqas Maqsood  (Pakistan),False
4356,T20 Internationals,Waqas Khan  (Hong Kong),False
4356,One Day Internationals,Waqas Khan  (Hong Kong),False
4282,T20 Internationals,Waqas Barkat  (Hong Kong),False
4282,One Day Internationals,Waqas Barkat  (Hong Kong),False
5115,T20 Internationals,Waqas Ali  (Belgium),False
5227,T20 Internationals,Waqas Ahmed  (Norway),False
4951,Test Cricket,Waqar Salamkheil  (Afghanistan),False
5609,T20 Internationals,Waqar Khan  (Peru),False
5919,T20 Internationals,Waqar Abbasi  (Romania),False
5738,T20 Internationals,Tenzin Wangchuk Jnr  (Bhutan),False
3713,T20 Internationals,Chadwick Walton  (West Indies),False
3713,One Day Internationals,Chadwick Walton  (West Indies),False
3713,Test Cricket,Chadwick Walton  (West Indies),True
4956,T20 Internationals,Hayden Walsh  (West Indies),False
4956,One Day Internationals,Hayden Walsh  (West Indies / United States),False
3640,T20 Internationals,Malcolm Waller  (Zimbabwe),False
3640,One Day Internationals,Malcolm Waller  (Zimbabwe),False
3640,Test Cricket,Malcolm Waller  (Zimbabwe),True
3946,T20 Internationals,Craig Wallace  (Scotland),False
3946,One Day Internationals,Craig Wallace  (Scotland),False
5223,T20 Internationals,Walid Ghauri  (Norway),False
5778,T20 Internationals,Kenneth Waiswa  (Uganda),False
5156,T20 Internationals,Charles Waiswa  (Uganda),False
5892,T20 Internationals,Wahidullah Usmani  (Belgium),False
5346,T20 Internationals,Waheed Ahmed  (United Arab Emirates),False
5346,One Day Internationals,Waheed Ahmed  (United Arab Emirates),False
3529,T20 Internationals,Wahab Riaz  (Pakistan),False
3529,One Day Internationals,Wahab Riaz  (Pakistan),False
3529,Test Cricket,Wahab Riaz  (Pakistan),False
3967,Test Cricket,Neil Wagner  (New Zealand),False
4795,Test Cricket,Wafadar Momand  (Afghanistan),False
3910,T20 Internationals,Matthew Wade  (Australia),False
3910,One Day Internationals,Matthew Wade  (Australia),True
3910,Test Cricket,Matthew Wade  (Australia),False
3872,T20 Internationals,Brian Vitori  (Zimbabwe),True
3872,One Day Internationals,Brian Vitori  (Zimbabwe),False
3872,Test Cricket,Brian Vitori  (Zimbabwe),True
5437,T20 Internationals,Roshan Vishwanath  (Luxembourg),False
5086,T20 Internationals,Vishal Ahir  (Panama),False
4445,T20 Internationals,Tobias Visee  (Netherlands),False
4445,One Day Internationals,Tobias Visee  (Netherlands),False
5268,T20 Internationals,Virandeep Singh  (Malaysia),False
4990,T20 Internationals,Wesley Viraliliu  (Vanuatu),False
4979,T20 Internationals,Jamal Vira  (Vanuatu),False
4997,T20 Internationals,Tom Vine  (Spain),False
4419,T20 Internationals,James Vince  (England),False
4419,One Day Internationals,James Vince  (England),False
4419,Test Cricket,James Vince  (England),False
4987,T20 Internationals,Vimal Kumar  (Philippines),False
5030,T20 Internationals,Christi Viljoen  (Namibia),False
5030,One Day Internationals,Christi Viljoen  (Namibia),False
5480,T20 Internationals,Vikramjit Singh  (Netherlands),False
5438,T20 Internationals,Vikram Vijh  (Luxembourg),False
5340,T20 Internationals,Selladore Vijayakumar  (Singapore),False
3626,T20 Internationals,Murali Vijay  (India),True
3626,One Day Internationals,Murali Vijay  (India),True
3626,Test Cricket,Murali Vijay  (India),False
4117,Test Cricket,Hanuma Vihari  (India),False
5171,T20 Internationals,James Vifah  (Ghana),False
5266,T20 Internationals,Vichanath Singh  (Thailand),False
4292,T20 Internationals,Sharad Vesawkar  (Nepal),False
4292,One Day Internationals,Sharad Vesawkar  (Nepal),False
5829,One Day Internationals,Kyle Verreynne  (South Africa),False
5439,T20 Internationals,Girish Venkateswaran  (Luxembourg),False
5215,T20 Internationals,Thomas Veillard  (Guernsey),False
5813,T20 Internationals,Sathaiya Veerapathiran  (Bahrain),False
5897,T20 Internationals,Shameek Vats  (Luxembourg),False
5409,T20 Internationals,Shantanu Vashisht  (Romania),False
5908,T20 Internationals,Delrick Varghese  (Bulgaria),False
4347,T20 Internationals,Jack Vare  (Papua New Guinea),True
4347,One Day Internationals,Jack Vare  (Papua New Guinea),False
5519,T20 Internationals,Keenan Botha  (Iceland),False
5289,T20 Internationals,Sanker Varathappan  (Kuwait),False
4353,T20 Internationals,Norman Vanua  (Papua New Guinea),False
4353,One Day Internationals,Norman Vanua  (Papua New Guinea),False
4474,T20 Internationals,Jeffrey Vandersay  (Sri Lanka),False
4474,One Day Internationals,Jeffrey Vandersay  (Sri Lanka),False
4021,T20 Internationals,Paul van Meekeren  (Netherlands),False
4021,One Day Internationals,Paul van Meekeren  (Netherlands),False
3658,T20 Internationals,Roelof van der Merwe  (Netherlands / South Africa),False
3658,One Day Internationals,Roelof van der Merwe  (Netherlands / South Africa),True
5577,T20 Internationals,Ruann Van Der Merwe  (Argentina),False
3944,T20 Internationals,Timm van der Gugten  (Netherlands),False
3944,One Day Internationals,Timm van der Gugten  (Netherlands),True
4817,T20 Internationals,Rassie van der Dussen  (South Africa),False
4817,One Day Internationals,Rassie van der Dussen  (South Africa),False
4817,Test Cricket,Rassie van der Dussen  (South Africa),False
4341,T20 Internationals,Assad Vala  (Papua New Guinea),False
4341,One Day Internationals,Assad Vala  (Papua New Guinea),False
5295,T20 Internationals,Usman Waheed  (Kuwait),False
4253,T20 Internationals,Usman Shinwari  (Pakistan),False
4253,One Day Internationals,Usman Shinwari  (Pakistan),False
4253,Test Cricket,Usman Shinwari  (Pakistan),False
5920,T20 Internationals,Usman Qadir  (Pakistan),False
5802,T20 Internationals,Usman Patel  (Kuwait),False
4300,T20 Internationals,Usman Ghani  (Afghanistan),False
4300,One Day Internationals,Usman Ghani  (Afghanistan),True
4878,T20 Internationals,Usman Ali  (Saudi Arabia),False
5723,T20 Internationals,Usama Master  (Malawi),False
4342,T20 Internationals,Tony Ura  (Papua New Guinea),False
4342,One Day Internationals,Tony Ura  (Papua New Guinea),False
5596,T20 Internationals,Amit Uniyal  (Chile),False
3100,T20 Internationals,Umar Gul  (Pakistan),True
3100,One Day Internationals,Umar Gul  (Pakistan),True
3100,Test Cricket,Umar Gul  (Pakistan),True
3793,T20 Internationals,Umar Amin  (Pakistan),False
3793,One Day Internationals,Umar Amin  (Pakistan),False
3793,Test Cricket,Umar Amin  (Pakistan),True
3721,T20 Internationals,Umar Akmal  (Pakistan),False
3721,One Day Internationals,Umar Akmal  (Pakistan),False
3721,Test Cricket,Umar Akmal  (Pakistan),True
4879,T20 Internationals,Umar Adam  (Maldives),False
5045,T20 Internationals,Jagdeesh Umanath  (Mexico),False
5434,T20 Internationals,Tunahan Ulutuna  (Turkey),False
5426,T20 Internationals,Recep Ulutuna  (Turkey),False
5222,T20 Internationals,Ehtsham Ul Haq  (Norway),False
5831,T20 Internationals,Wanchana Uisuk  (Thailand),False
5744,T20 Internationals,Ugyen Dorji  (Bhutan),False
3699,T20 Internationals,Isuru Udana  (Sri Lanka),False
3699,One Day Internationals,Isuru Udana  (Sri Lanka),False
4968,T20 Internationals,Henry Tyler  (Philippines),False
4383,T20 Internationals,Andrew Tye  (Australia),False
4383,One Day Internationals,Andrew Tye  (Australia),False
4648,T20 Internationals,Ashton Turner  (Australia),False
4648,One Day Internationals,Ashton Turner  (Australia),False
5427,T20 Internationals,Tunahan Turan  (Turkey),False
4586,T20 Internationals,Lorcan Tucker  (Ireland),False
4586,One Day Internationals,Lorcan Tucker  (Ireland),False
5787,T20 Internationals,Charlton Tshuma  (Zimbabwe),False
5787,One Day Internationals,Charlton Tshuma  (Zimbabwe),False
5787,Test Cricket,Charlton Tshuma  (Zimbabwe),False
5166,T20 Internationals,Thatayaone Tshose  (Botswana),False
5620,T20 Internationals,Anurag Tripathi  (Mexico),False
5307,T20 Internationals,Ofisa Tonuu  (Samoa),False
4989,T20 Internationals,Clement Tommy  (Vanuatu),False
5348,One Day Internationals,Gaudi Toka  (Papua New Guinea),False
5741,T20 Internationals,Sonam Tobgay  (Bhutan),False
4314,T20 Internationals,Donald Tiripano  (Zimbabwe),False
4314,One Day Internationals,Donald Tiripano  (Zimbabwe),False
4314,Test Cricket,Donald Tiripano  (Zimbabwe),False
4851,T20 Internationals,Blair Tickner  (New Zealand),False
5306,T20 Internationals,Saumani Tiai  (Samoa),False
4237,T20 Internationals,Stuart Thompson  (Ireland),False
4237,One Day Internationals,Stuart Thompson  (Ireland),True
4237,Test Cricket,Stuart Thompson  (Ireland),False
3540,T20 Internationals,Greg Thompson  (Ireland),False
3540,One Day Internationals,Greg Thompson  (Ireland),True
5366,T20 Internationals,Rodrigo Thomas  (Canada),False
4822,T20 Internationals,Oshane Thomas  (West Indies),False
4822,One Day Internationals,Oshane Thomas  (West Indies),False
3749,T20 Internationals,Lahiru Thirimanne  (Sri Lanka),True
3749,One Day Internationals,Lahiru Thirimanne  (Sri Lanka),False
3749,Test Cricket,Lahiru Thirimanne  (Sri Lanka),False
5747,T20 Internationals,Jigme Thinley  (Bhutan),False
3824,T20 Internationals,Rusty Theron  (South Africa),True
3824,One Day Internationals,Rusty Theron  (United States),False
3291,T20 Internationals,Upul Tharanga  (Sri Lanka),False
3291,One Day Internationals,Upul Tharanga  (Sri Lanka / ACC Asian XI),False
3291,Test Cricket,Upul Tharanga  (Sri Lanka),True
5900,T20 Internationals,Varun Thamotharam  (Malta),False
4393,T20 Internationals,Shardul Thakur  (India),False
4393,One Day Internationals,Shardul Thakur  (India),False
4393,Test Cricket,Shardul Thakur  (India),False
5398,T20 Internationals,Harsh Thaker  (Canada),False
4569,T20 Internationals,Sean Terry  (Ireland),True
4569,One Day Internationals,Sean Terry  (Ireland),True
4811,One Day Internationals,Daniel ter Braak  (Netherlands),False
3407,T20 Internationals,Ryan ten Doeschate  (Netherlands),False
3407,One Day Internationals,Ryan ten Doeschate  (Netherlands),True
3409,T20 Internationals,Peter Borren  (Netherlands),True
3409,One Day Internationals,Peter Borren  (Netherlands),True
4511,T20 Internationals,Scott Boland  (Australia),True
4511,One Day Internationals,Scott Boland  (Australia),True
5345,T20 Internationals,Philippe Boissevain  (Netherlands),False
4846,One Day Internationals,Abinash Bohara  (Nepal),True
4624,T20 Internationals,Thomas Blundell  (New Zealand),False
4624,One Day Internationals,Thomas Blundell  (New Zealand),False
4624,Test Cricket,Thomas Blundell  (New Zealand),False
5194,T20 Internationals,Dominic Blampied  (Jersey),False
4982,T20 Internationals,Callum Charles Blake  (Vanuatu),False
4312,One Day Internationals,Jermaine Blackwood  (West Indies),True
5195,T20 Internationals,Corey Bisson  (Jersey),False
3852,T20 Internationals,Devendra Bishoo  (West Indies),False
